model_path,model_shorthand,layer,head,condition,knowledge_cue,first_mention,recent_mention,mean_entropy,mean_max_attn
EleutherAI/pythia-14m,Pythia 14M,0,0,False Belief,Explicit,End,End,3.54233195,0.10140286075
EleutherAI/pythia-14m,Pythia 14M,0,0,False Belief,Explicit,End,Start,3.542331825,0.10377509
EleutherAI/pythia-14m,Pythia 14M,0,0,False Belief,Explicit,Start,End,3.538442708333333,0.1013783705
EleutherAI/pythia-14m,Pythia 14M,0,0,False Belief,Explicit,Start,Start,3.5390816916666665,0.10372316666666666
EleutherAI/pythia-14m,Pythia 14M,0,0,False Belief,Implicit,End,End,3.4556077083333334,0.13321101625
EleutherAI/pythia-14m,Pythia 14M,0,0,False Belief,Implicit,End,Start,3.4565946333333333,0.13511574925
EleutherAI/pythia-14m,Pythia 14M,0,0,False Belief,Implicit,Start,End,3.4546810833333335,0.13312426800000002
EleutherAI/pythia-14m,Pythia 14M,0,0,False Belief,Implicit,Start,Start,3.4537725916666666,0.13513332458333335
EleutherAI/pythia-14m,Pythia 14M,0,0,True Belief,Explicit,End,End,3.5379437583333337,0.104504792
EleutherAI/pythia-14m,Pythia 14M,0,0,True Belief,Explicit,End,Start,3.531039475,0.10660178975000001
EleutherAI/pythia-14m,Pythia 14M,0,0,True Belief,Explicit,Start,End,3.538194766666667,0.10428758158333333
EleutherAI/pythia-14m,Pythia 14M,0,0,True Belief,Explicit,Start,Start,3.5288338083333333,0.10628879916666667
EleutherAI/pythia-14m,Pythia 14M,0,0,True Belief,Implicit,End,End,3.5680190333333335,0.10675185875
EleutherAI/pythia-14m,Pythia 14M,0,0,True Belief,Implicit,End,Start,3.5626988333333336,0.10939783508333334
EleutherAI/pythia-14m,Pythia 14M,0,0,True Belief,Implicit,Start,End,3.565734258333333,0.10664195883333333
EleutherAI/pythia-14m,Pythia 14M,0,0,True Belief,Implicit,Start,Start,3.5593145083333333,0.10927973516666667
EleutherAI/pythia-14m,Pythia 14M,0,1,False Belief,Explicit,End,End,0.8728803858333333,0.660657005
EleutherAI/pythia-14m,Pythia 14M,0,1,False Belief,Explicit,End,Start,1.0498055358333334,0.6134518825
EleutherAI/pythia-14m,Pythia 14M,0,1,False Belief,Explicit,Start,End,0.9224370058333333,0.649027565
EleutherAI/pythia-14m,Pythia 14M,0,1,False Belief,Explicit,Start,Start,1.1290070608333334,0.5903295924999999
EleutherAI/pythia-14m,Pythia 14M,0,1,False Belief,Implicit,End,End,1.0670875658333332,0.6391194491666666
EleutherAI/pythia-14m,Pythia 14M,0,1,False Belief,Implicit,End,Start,1.2009119475,0.5762091783333333
EleutherAI/pythia-14m,Pythia 14M,0,1,False Belief,Implicit,Start,End,1.0702265541666667,0.6393408691666667
EleutherAI/pythia-14m,Pythia 14M,0,1,False Belief,Implicit,Start,Start,1.1799244291666666,0.59490492
EleutherAI/pythia-14m,Pythia 14M,0,1,True Belief,Explicit,End,End,0.9827040883333334,0.6450130500000001
EleutherAI/pythia-14m,Pythia 14M,0,1,True Belief,Explicit,End,Start,0.9095802016666666,0.6410796525
EleutherAI/pythia-14m,Pythia 14M,0,1,True Belief,Explicit,Start,End,0.9834251275,0.6554461375
EleutherAI/pythia-14m,Pythia 14M,0,1,True Belief,Explicit,Start,Start,0.9815587141666667,0.6164625075
EleutherAI/pythia-14m,Pythia 14M,0,1,True Belief,Implicit,End,End,1.0860406116666668,0.595725725
EleutherAI/pythia-14m,Pythia 14M,0,1,True Belief,Implicit,End,Start,0.9743928258333333,0.6491722825
EleutherAI/pythia-14m,Pythia 14M,0,1,True Belief,Implicit,Start,End,1.2013690216666666,0.5522956975
EleutherAI/pythia-14m,Pythia 14M,0,1,True Belief,Implicit,Start,Start,1.0667413141666666,0.6099469375000001
EleutherAI/pythia-14m,Pythia 14M,0,2,False Belief,Explicit,End,End,3.557205258333333,0.10099879708333333
EleutherAI/pythia-14m,Pythia 14M,0,2,False Belief,Explicit,End,Start,3.555609225,0.10127292158333333
EleutherAI/pythia-14m,Pythia 14M,0,2,False Belief,Explicit,Start,End,3.5566980249999998,0.10066824325000001
EleutherAI/pythia-14m,Pythia 14M,0,2,False Belief,Explicit,Start,Start,3.5549971333333334,0.10102456924999999
EleutherAI/pythia-14m,Pythia 14M,0,2,False Belief,Implicit,End,End,3.5634839083333336,0.10791127499999999
EleutherAI/pythia-14m,Pythia 14M,0,2,False Belief,Implicit,End,Start,3.561075483333333,0.10718659258333334
EleutherAI/pythia-14m,Pythia 14M,0,2,False Belief,Implicit,Start,End,3.5652552333333336,0.1077854545
EleutherAI/pythia-14m,Pythia 14M,0,2,False Belief,Implicit,Start,Start,3.5630450833333334,0.10700430325
EleutherAI/pythia-14m,Pythia 14M,0,2,True Belief,Explicit,End,End,3.5418427749999997,0.10205134483333334
EleutherAI/pythia-14m,Pythia 14M,0,2,True Belief,Explicit,End,Start,3.5392265833333334,0.10256117475
EleutherAI/pythia-14m,Pythia 14M,0,2,True Belief,Explicit,Start,End,3.545724925,0.10246306449999999
EleutherAI/pythia-14m,Pythia 14M,0,2,True Belief,Explicit,Start,Start,3.5424861416666666,0.10252153116666667
EleutherAI/pythia-14m,Pythia 14M,0,2,True Belief,Implicit,End,End,3.5657650000000003,0.10642992150000001
EleutherAI/pythia-14m,Pythia 14M,0,2,True Belief,Implicit,End,Start,3.559375625,0.10652367683333334
EleutherAI/pythia-14m,Pythia 14M,0,2,True Belief,Implicit,Start,End,3.5664136583333335,0.10630561283333334
EleutherAI/pythia-14m,Pythia 14M,0,2,True Belief,Implicit,Start,Start,3.56098045,0.1065467925
EleutherAI/pythia-14m,Pythia 14M,0,3,False Belief,Explicit,End,End,3.680401358333333,0.14393361083333334
EleutherAI/pythia-14m,Pythia 14M,0,3,False Belief,Explicit,End,Start,3.681432808333333,0.14425620083333332
EleutherAI/pythia-14m,Pythia 14M,0,3,False Belief,Explicit,Start,End,3.6794618499999996,0.14365808466666666
EleutherAI/pythia-14m,Pythia 14M,0,3,False Belief,Explicit,Start,Start,3.680493766666667,0.14397144916666668
EleutherAI/pythia-14m,Pythia 14M,0,3,False Belief,Implicit,End,End,3.6159213500000003,0.15508640166666668
EleutherAI/pythia-14m,Pythia 14M,0,3,False Belief,Implicit,End,Start,3.6167251583333333,0.15539216250000001
EleutherAI/pythia-14m,Pythia 14M,0,3,False Belief,Implicit,Start,End,3.6142326416666664,0.1549243325
EleutherAI/pythia-14m,Pythia 14M,0,3,False Belief,Implicit,Start,Start,3.6146952,0.1552515075
EleutherAI/pythia-14m,Pythia 14M,0,3,True Belief,Explicit,End,End,3.6787798916666667,0.14347591499999998
EleutherAI/pythia-14m,Pythia 14M,0,3,True Belief,Explicit,End,Start,3.6797208500000003,0.14382214000000001
EleutherAI/pythia-14m,Pythia 14M,0,3,True Belief,Explicit,Start,End,3.6779483416666667,0.14321943374999999
EleutherAI/pythia-14m,Pythia 14M,0,3,True Belief,Explicit,Start,Start,3.679858558333333,0.1434003355
EleutherAI/pythia-14m,Pythia 14M,0,3,True Belief,Implicit,End,End,3.6805943083333332,0.14606225166666667
EleutherAI/pythia-14m,Pythia 14M,0,3,True Belief,Implicit,End,Start,3.681773775,0.146311148
EleutherAI/pythia-14m,Pythia 14M,0,3,True Belief,Implicit,Start,End,3.679815441666667,0.14580671666666667
EleutherAI/pythia-14m,Pythia 14M,0,3,True Belief,Implicit,Start,Start,3.6811673166666665,0.14602179383333333
EleutherAI/pythia-14m,Pythia 14M,1,0,False Belief,Explicit,End,End,0.7178712975,0.7717530883333333
EleutherAI/pythia-14m,Pythia 14M,1,0,False Belief,Explicit,End,Start,0.7197754550000001,0.7706711558333333
EleutherAI/pythia-14m,Pythia 14M,1,0,False Belief,Explicit,Start,End,0.7156957466666666,0.773132655
EleutherAI/pythia-14m,Pythia 14M,1,0,False Belief,Explicit,Start,Start,0.7182429483333334,0.7715534558333333
EleutherAI/pythia-14m,Pythia 14M,1,0,False Belief,Implicit,End,End,0.8581260166666667,0.7019608974999999
EleutherAI/pythia-14m,Pythia 14M,1,0,False Belief,Implicit,End,Start,0.8590253866666666,0.7008378641666666
EleutherAI/pythia-14m,Pythia 14M,1,0,False Belief,Implicit,Start,End,0.8565764616666667,0.7028130066666667
EleutherAI/pythia-14m,Pythia 14M,1,0,False Belief,Implicit,Start,Start,0.8571009625,0.7018808891666667
EleutherAI/pythia-14m,Pythia 14M,1,0,True Belief,Explicit,End,End,0.7255091716666667,0.7669204466666667
EleutherAI/pythia-14m,Pythia 14M,1,0,True Belief,Explicit,End,Start,0.72750806,0.76564348
EleutherAI/pythia-14m,Pythia 14M,1,0,True Belief,Explicit,Start,End,0.7258542908333333,0.766434685
EleutherAI/pythia-14m,Pythia 14M,1,0,True Belief,Explicit,Start,Start,0.727855295,0.7652466666666666
EleutherAI/pythia-14m,Pythia 14M,1,0,True Belief,Implicit,End,End,0.8570723783333333,0.6955355166666667
EleutherAI/pythia-14m,Pythia 14M,1,0,True Belief,Implicit,End,Start,0.8604600691666667,0.6928629491666666
EleutherAI/pythia-14m,Pythia 14M,1,0,True Belief,Implicit,Start,End,0.8569913341666666,0.69576827
EleutherAI/pythia-14m,Pythia 14M,1,0,True Belief,Implicit,Start,Start,0.8601964858333333,0.6931837558333332
EleutherAI/pythia-14m,Pythia 14M,1,1,False Belief,Explicit,End,End,2.408161983333333,0.20151274416666667
EleutherAI/pythia-14m,Pythia 14M,1,1,False Belief,Explicit,End,Start,2.41178035,0.20083114999999999
EleutherAI/pythia-14m,Pythia 14M,1,1,False Belief,Explicit,Start,End,2.4075383083333333,0.2020535025
EleutherAI/pythia-14m,Pythia 14M,1,1,False Belief,Explicit,Start,Start,2.4114269166666666,0.20122076916666667
EleutherAI/pythia-14m,Pythia 14M,1,1,False Belief,Implicit,End,End,2.458142808333333,0.22177506416666667
EleutherAI/pythia-14m,Pythia 14M,1,1,False Belief,Implicit,End,Start,2.4599997333333334,0.22163549333333332
EleutherAI/pythia-14m,Pythia 14M,1,1,False Belief,Implicit,Start,End,2.4572416833333333,0.22219813
EleutherAI/pythia-14m,Pythia 14M,1,1,False Belief,Implicit,Start,Start,2.4591445166666666,0.22210151833333333
EleutherAI/pythia-14m,Pythia 14M,1,1,True Belief,Explicit,End,End,2.4252701083333332,0.19873205166666666
EleutherAI/pythia-14m,Pythia 14M,1,1,True Belief,Explicit,End,Start,2.431821483333333,0.1974982816666667
EleutherAI/pythia-14m,Pythia 14M,1,1,True Belief,Explicit,Start,End,2.4243184416666668,0.19889951416666665
EleutherAI/pythia-14m,Pythia 14M,1,1,True Belief,Explicit,Start,Start,2.4318705416666666,0.19753065333333333
EleutherAI/pythia-14m,Pythia 14M,1,1,True Belief,Implicit,End,End,2.4407981666666667,0.22130939333333333
EleutherAI/pythia-14m,Pythia 14M,1,1,True Belief,Implicit,End,Start,2.4493249916666664,0.21994308583333333
EleutherAI/pythia-14m,Pythia 14M,1,1,True Belief,Implicit,Start,End,2.4403809416666666,0.22130181166666665
EleutherAI/pythia-14m,Pythia 14M,1,1,True Belief,Implicit,Start,Start,2.4488451166666665,0.21995649333333334
EleutherAI/pythia-14m,Pythia 14M,1,2,False Belief,Explicit,End,End,3.25955465,0.11980828958333334
EleutherAI/pythia-14m,Pythia 14M,1,2,False Belief,Explicit,End,Start,3.262295233333333,0.11997612341666668
EleutherAI/pythia-14m,Pythia 14M,1,2,False Belief,Explicit,Start,End,3.2620409416666667,0.11948062658333332
EleutherAI/pythia-14m,Pythia 14M,1,2,False Belief,Explicit,Start,Start,3.2636142583333334,0.12030543633333333
EleutherAI/pythia-14m,Pythia 14M,1,2,False Belief,Implicit,End,End,3.1073821083333333,0.16014223133333333
EleutherAI/pythia-14m,Pythia 14M,1,2,False Belief,Implicit,End,Start,3.108019375,0.15924937458333333
EleutherAI/pythia-14m,Pythia 14M,1,2,False Belief,Implicit,Start,End,3.1065531916666664,0.16180660791666665
EleutherAI/pythia-14m,Pythia 14M,1,2,False Belief,Implicit,Start,Start,3.106276708333333,0.16099363991666668
EleutherAI/pythia-14m,Pythia 14M,1,2,True Belief,Explicit,End,End,3.251914858333333,0.1191668975
EleutherAI/pythia-14m,Pythia 14M,1,2,True Belief,Explicit,End,Start,3.253080766666667,0.11964394941666667
EleutherAI/pythia-14m,Pythia 14M,1,2,True Belief,Explicit,Start,End,3.2520927250000002,0.12043060408333334
EleutherAI/pythia-14m,Pythia 14M,1,2,True Belief,Explicit,Start,Start,3.2548825166666666,0.12079748366666666
EleutherAI/pythia-14m,Pythia 14M,1,2,True Belief,Implicit,End,End,3.214235158333333,0.12357720500000001
EleutherAI/pythia-14m,Pythia 14M,1,2,True Belief,Implicit,End,Start,3.2165268833333336,0.12324824833333332
EleutherAI/pythia-14m,Pythia 14M,1,2,True Belief,Implicit,Start,End,3.2138740250000004,0.12483754833333333
EleutherAI/pythia-14m,Pythia 14M,1,2,True Belief,Implicit,Start,Start,3.2173184916666666,0.12412988716666667
EleutherAI/pythia-14m,Pythia 14M,1,3,False Belief,Explicit,End,End,3.2070939166666665,0.092328233
EleutherAI/pythia-14m,Pythia 14M,1,3,False Belief,Explicit,End,Start,3.2053748083333335,0.08927702958333333
EleutherAI/pythia-14m,Pythia 14M,1,3,False Belief,Explicit,Start,End,3.2096775833333333,0.09105364133333334
EleutherAI/pythia-14m,Pythia 14M,1,3,False Belief,Explicit,Start,Start,3.20648615,0.08941159758333334
EleutherAI/pythia-14m,Pythia 14M,1,3,False Belief,Implicit,End,End,3.1342337666666666,0.11601615900000001
EleutherAI/pythia-14m,Pythia 14M,1,3,False Belief,Implicit,End,Start,3.150148608333333,0.11330090058333332
EleutherAI/pythia-14m,Pythia 14M,1,3,False Belief,Implicit,Start,End,3.1337391500000003,0.11516898958333334
EleutherAI/pythia-14m,Pythia 14M,1,3,False Belief,Implicit,Start,Start,3.1501946666666663,0.11246406491666666
EleutherAI/pythia-14m,Pythia 14M,1,3,True Belief,Explicit,End,End,3.1895478416666667,0.09629897483333333
EleutherAI/pythia-14m,Pythia 14M,1,3,True Belief,Explicit,End,Start,3.1847299000000002,0.09671687816666667
EleutherAI/pythia-14m,Pythia 14M,1,3,True Belief,Explicit,Start,End,3.19358525,0.09724585749999999
EleutherAI/pythia-14m,Pythia 14M,1,3,True Belief,Explicit,Start,Start,3.1898499250000003,0.09647582724999999
EleutherAI/pythia-14m,Pythia 14M,1,3,True Belief,Implicit,End,End,3.1678625166666667,0.09802722975
EleutherAI/pythia-14m,Pythia 14M,1,3,True Belief,Implicit,End,Start,3.1613375666666665,0.09879711925
EleutherAI/pythia-14m,Pythia 14M,1,3,True Belief,Implicit,Start,End,3.1716807916666667,0.09830819675000001
EleutherAI/pythia-14m,Pythia 14M,1,3,True Belief,Implicit,Start,Start,3.1662657000000003,0.09849530333333334
EleutherAI/pythia-14m,Pythia 14M,2,0,False Belief,Explicit,End,End,3.711419925,0.09295861516666666
EleutherAI/pythia-14m,Pythia 14M,2,0,False Belief,Explicit,End,Start,3.7197614916666666,0.09262343891666668
EleutherAI/pythia-14m,Pythia 14M,2,0,False Belief,Explicit,Start,End,3.7094921,0.09106757641666667
EleutherAI/pythia-14m,Pythia 14M,2,0,False Belief,Explicit,Start,Start,3.7176213,0.09059905458333334
EleutherAI/pythia-14m,Pythia 14M,2,0,False Belief,Implicit,End,End,3.674999025,0.10332584299999999
EleutherAI/pythia-14m,Pythia 14M,2,0,False Belief,Implicit,End,Start,3.6893132916666667,0.10094761541666668
EleutherAI/pythia-14m,Pythia 14M,2,0,False Belief,Implicit,Start,End,3.673645425,0.10144631716666667
EleutherAI/pythia-14m,Pythia 14M,2,0,False Belief,Implicit,Start,Start,3.6821790666666665,0.09824347466666666
EleutherAI/pythia-14m,Pythia 14M,2,0,True Belief,Explicit,End,End,3.66244245,0.10838217708333332
EleutherAI/pythia-14m,Pythia 14M,2,0,True Belief,Explicit,End,Start,3.6798155083333337,0.10408029833333333
EleutherAI/pythia-14m,Pythia 14M,2,0,True Belief,Explicit,Start,End,3.6698667416666666,0.10519641949999999
EleutherAI/pythia-14m,Pythia 14M,2,0,True Belief,Explicit,Start,Start,3.6694180833333334,0.1032925675
EleutherAI/pythia-14m,Pythia 14M,2,0,True Belief,Implicit,End,End,3.6204088750000003,0.12514337725
EleutherAI/pythia-14m,Pythia 14M,2,0,True Belief,Implicit,End,Start,3.6378324749999997,0.11775481766666666
EleutherAI/pythia-14m,Pythia 14M,2,0,True Belief,Implicit,Start,End,3.6317130333333334,0.11818364333333332
EleutherAI/pythia-14m,Pythia 14M,2,0,True Belief,Implicit,Start,Start,3.6326158916666667,0.11548855949999999
EleutherAI/pythia-14m,Pythia 14M,2,1,False Belief,Explicit,End,End,0.5226975516666666,0.8688645733333332
EleutherAI/pythia-14m,Pythia 14M,2,1,False Belief,Explicit,End,Start,0.52350467,0.8690375466666667
EleutherAI/pythia-14m,Pythia 14M,2,1,False Belief,Explicit,Start,End,0.5230162525000001,0.8688808416666666
EleutherAI/pythia-14m,Pythia 14M,2,1,False Belief,Explicit,Start,Start,0.5246987558333333,0.8688002233333333
EleutherAI/pythia-14m,Pythia 14M,2,1,False Belief,Implicit,End,End,0.5141981183333334,0.8676591108333334
EleutherAI/pythia-14m,Pythia 14M,2,1,False Belief,Implicit,End,Start,0.5154293133333333,0.8675534275
EleutherAI/pythia-14m,Pythia 14M,2,1,False Belief,Implicit,Start,End,0.5221531733333333,0.8652313258333333
EleutherAI/pythia-14m,Pythia 14M,2,1,False Belief,Implicit,Start,Start,0.5239735191666667,0.86502211
EleutherAI/pythia-14m,Pythia 14M,2,1,True Belief,Explicit,End,End,0.5268513866666668,0.8679011433333333
EleutherAI/pythia-14m,Pythia 14M,2,1,True Belief,Explicit,End,Start,0.5316866683333333,0.8669698358333333
EleutherAI/pythia-14m,Pythia 14M,2,1,True Belief,Explicit,Start,End,0.5250766983333334,0.8682079275
EleutherAI/pythia-14m,Pythia 14M,2,1,True Belief,Explicit,Start,Start,0.5283474966666667,0.8674871033333332
EleutherAI/pythia-14m,Pythia 14M,2,1,True Belief,Implicit,End,End,0.4945261266666667,0.8766320224999999
EleutherAI/pythia-14m,Pythia 14M,2,1,True Belief,Implicit,End,Start,0.4962969275,0.8765260883333333
EleutherAI/pythia-14m,Pythia 14M,2,1,True Belief,Implicit,Start,End,0.5008687383333333,0.8744064991666667
EleutherAI/pythia-14m,Pythia 14M,2,1,True Belief,Implicit,Start,Start,0.4973720225,0.8752681758333334
EleutherAI/pythia-14m,Pythia 14M,2,2,False Belief,Explicit,End,End,2.0085583583333335,0.3107454566666667
EleutherAI/pythia-14m,Pythia 14M,2,2,False Belief,Explicit,End,Start,2.0090569916666667,0.3101242558333333
EleutherAI/pythia-14m,Pythia 14M,2,2,False Belief,Explicit,Start,End,2.0095740583333335,0.31034773416666667
EleutherAI/pythia-14m,Pythia 14M,2,2,False Belief,Explicit,Start,Start,2.009152041666667,0.30968718916666665
EleutherAI/pythia-14m,Pythia 14M,2,2,False Belief,Implicit,End,End,1.873479,0.38311742583333336
EleutherAI/pythia-14m,Pythia 14M,2,2,False Belief,Implicit,End,Start,1.8763016666666665,0.3813219208333333
EleutherAI/pythia-14m,Pythia 14M,2,2,False Belief,Implicit,Start,End,1.8731365166666667,0.38392163166666665
EleutherAI/pythia-14m,Pythia 14M,2,2,False Belief,Implicit,Start,Start,1.8751074583333331,0.38220719416666665
EleutherAI/pythia-14m,Pythia 14M,2,2,True Belief,Explicit,End,End,2.009658875,0.30936638833333335
EleutherAI/pythia-14m,Pythia 14M,2,2,True Belief,Explicit,End,Start,2.013991425,0.30797340333333334
EleutherAI/pythia-14m,Pythia 14M,2,2,True Belief,Explicit,Start,End,2.0091718833333334,0.30907500833333335
EleutherAI/pythia-14m,Pythia 14M,2,2,True Belief,Explicit,Start,Start,2.0146602750000002,0.30734706083333335
EleutherAI/pythia-14m,Pythia 14M,2,2,True Belief,Implicit,End,End,1.8727221,0.39189507333333334
EleutherAI/pythia-14m,Pythia 14M,2,2,True Belief,Implicit,End,Start,1.8772313166666665,0.3918471991666667
EleutherAI/pythia-14m,Pythia 14M,2,2,True Belief,Implicit,Start,End,1.8720421083333332,0.392897935
EleutherAI/pythia-14m,Pythia 14M,2,2,True Belief,Implicit,Start,Start,1.87487325,0.3930267233333333
EleutherAI/pythia-14m,Pythia 14M,2,3,False Belief,Explicit,End,End,3.1975472333333332,0.16340013
EleutherAI/pythia-14m,Pythia 14M,2,3,False Belief,Explicit,End,Start,3.2020948750000002,0.16365017333333334
EleutherAI/pythia-14m,Pythia 14M,2,3,False Belief,Explicit,Start,End,3.195775083333333,0.16367868
EleutherAI/pythia-14m,Pythia 14M,2,3,False Belief,Explicit,Start,Start,3.200170116666667,0.1640045675
EleutherAI/pythia-14m,Pythia 14M,2,3,False Belief,Implicit,End,End,3.3850208083333335,0.15635983666666667
EleutherAI/pythia-14m,Pythia 14M,2,3,False Belief,Implicit,End,Start,3.391011816666667,0.15493565666666667
EleutherAI/pythia-14m,Pythia 14M,2,3,False Belief,Implicit,Start,End,3.3834952416666666,0.15660711916666667
EleutherAI/pythia-14m,Pythia 14M,2,3,False Belief,Implicit,Start,Start,3.3893539166666664,0.1550780775
EleutherAI/pythia-14m,Pythia 14M,2,3,True Belief,Explicit,End,End,3.186604291666667,0.16410652583333332
EleutherAI/pythia-14m,Pythia 14M,2,3,True Belief,Explicit,End,Start,3.1894810916666665,0.164235815
EleutherAI/pythia-14m,Pythia 14M,2,3,True Belief,Explicit,Start,End,3.1847051583333332,0.164406855
EleutherAI/pythia-14m,Pythia 14M,2,3,True Belief,Explicit,Start,Start,3.187979858333333,0.16434312416666666
EleutherAI/pythia-14m,Pythia 14M,2,3,True Belief,Implicit,End,End,3.3965742333333337,0.15706848416666666
EleutherAI/pythia-14m,Pythia 14M,2,3,True Belief,Implicit,End,Start,3.3992352083333333,0.15624881116666667
EleutherAI/pythia-14m,Pythia 14M,2,3,True Belief,Implicit,Start,End,3.3947312083333334,0.15731781333333333
EleutherAI/pythia-14m,Pythia 14M,2,3,True Belief,Implicit,Start,Start,3.3976935666666663,0.15617459166666667
EleutherAI/pythia-14m,Pythia 14M,3,0,False Belief,Explicit,End,End,2.1181988416666666,0.3709670925
EleutherAI/pythia-14m,Pythia 14M,3,0,False Belief,Explicit,End,Start,2.1086833416666666,0.37366195
EleutherAI/pythia-14m,Pythia 14M,3,0,False Belief,Explicit,Start,End,2.1223523666666666,0.365810605
EleutherAI/pythia-14m,Pythia 14M,3,0,False Belief,Explicit,Start,Start,2.1135165,0.36788401416666666
EleutherAI/pythia-14m,Pythia 14M,3,0,False Belief,Implicit,End,End,2.4642914250000003,0.3153971291666667
EleutherAI/pythia-14m,Pythia 14M,3,0,False Belief,Implicit,End,Start,2.4649861583333332,0.3158468875
EleutherAI/pythia-14m,Pythia 14M,3,0,False Belief,Implicit,Start,End,2.474019783333333,0.3122923808333333
EleutherAI/pythia-14m,Pythia 14M,3,0,False Belief,Implicit,Start,Start,2.4722750916666665,0.3131590083333333
EleutherAI/pythia-14m,Pythia 14M,3,0,True Belief,Explicit,End,End,2.13876715,0.36370367833333334
EleutherAI/pythia-14m,Pythia 14M,3,0,True Belief,Explicit,End,Start,2.129181808333333,0.3642816191666667
EleutherAI/pythia-14m,Pythia 14M,3,0,True Belief,Explicit,Start,End,2.13891325,0.36194717083333333
EleutherAI/pythia-14m,Pythia 14M,3,0,True Belief,Explicit,Start,Start,2.1366985,0.36128916000000005
EleutherAI/pythia-14m,Pythia 14M,3,0,True Belief,Implicit,End,End,2.45201305,0.3131085141666667
EleutherAI/pythia-14m,Pythia 14M,3,0,True Belief,Implicit,End,Start,2.445844183333333,0.31412073916666666
EleutherAI/pythia-14m,Pythia 14M,3,0,True Belief,Implicit,Start,End,2.4602823583333335,0.3075030375
EleutherAI/pythia-14m,Pythia 14M,3,0,True Belief,Implicit,Start,Start,2.449380525,0.31018109666666666
EleutherAI/pythia-14m,Pythia 14M,3,1,False Belief,Explicit,End,End,2.3584420666666666,0.2870528925
EleutherAI/pythia-14m,Pythia 14M,3,1,False Belief,Explicit,End,Start,2.292376525,0.3163300425
EleutherAI/pythia-14m,Pythia 14M,3,1,False Belief,Explicit,Start,End,2.3289767,0.29498903
EleutherAI/pythia-14m,Pythia 14M,3,1,False Belief,Explicit,Start,Start,2.262680533333333,0.32107880083333334
EleutherAI/pythia-14m,Pythia 14M,3,1,False Belief,Implicit,End,End,2.1741159833333334,0.30175281416666666
EleutherAI/pythia-14m,Pythia 14M,3,1,False Belief,Implicit,End,Start,2.073267533333333,0.3595803175
EleutherAI/pythia-14m,Pythia 14M,3,1,False Belief,Implicit,Start,End,2.167069108333333,0.31094395999999996
EleutherAI/pythia-14m,Pythia 14M,3,1,False Belief,Implicit,Start,Start,2.0735629666666666,0.35656263
EleutherAI/pythia-14m,Pythia 14M,3,1,True Belief,Explicit,End,End,2.3084213,0.29576157333333336
EleutherAI/pythia-14m,Pythia 14M,3,1,True Belief,Explicit,End,Start,2.301313425,0.30045485583333337
EleutherAI/pythia-14m,Pythia 14M,3,1,True Belief,Explicit,Start,End,2.311241575,0.28944040416666666
EleutherAI/pythia-14m,Pythia 14M,3,1,True Belief,Explicit,Start,Start,2.2844350749999998,0.29705001166666667
EleutherAI/pythia-14m,Pythia 14M,3,1,True Belief,Implicit,End,End,2.1900408666666666,0.29531147750000003
EleutherAI/pythia-14m,Pythia 14M,3,1,True Belief,Implicit,End,Start,2.1634308250000003,0.3048120875
EleutherAI/pythia-14m,Pythia 14M,3,1,True Belief,Implicit,Start,End,2.1970798,0.28943665916666667
EleutherAI/pythia-14m,Pythia 14M,3,1,True Belief,Implicit,Start,Start,2.155879383333333,0.3094127991666667
EleutherAI/pythia-14m,Pythia 14M,3,2,False Belief,Explicit,End,End,1.7620672583333334,0.4778999483333333
EleutherAI/pythia-14m,Pythia 14M,3,2,False Belief,Explicit,End,Start,1.7635237916666666,0.47193556249999996
EleutherAI/pythia-14m,Pythia 14M,3,2,False Belief,Explicit,Start,End,1.7865121583333334,0.46106062416666665
EleutherAI/pythia-14m,Pythia 14M,3,2,False Belief,Explicit,Start,Start,1.7909817916666666,0.45281062666666666
EleutherAI/pythia-14m,Pythia 14M,3,2,False Belief,Implicit,End,End,2.104972033333333,0.3449189925
EleutherAI/pythia-14m,Pythia 14M,3,2,False Belief,Implicit,End,Start,2.22229945,0.2926156975
EleutherAI/pythia-14m,Pythia 14M,3,2,False Belief,Implicit,Start,End,2.146197283333333,0.32600043333333334
EleutherAI/pythia-14m,Pythia 14M,3,2,False Belief,Implicit,Start,Start,2.23650965,0.28507015
EleutherAI/pythia-14m,Pythia 14M,3,2,True Belief,Explicit,End,End,1.7238530083333334,0.4908831333333333
EleutherAI/pythia-14m,Pythia 14M,3,2,True Belief,Explicit,End,Start,1.7226446583333335,0.4903620766666667
EleutherAI/pythia-14m,Pythia 14M,3,2,True Belief,Explicit,Start,End,1.7585345749999999,0.4724218775
EleutherAI/pythia-14m,Pythia 14M,3,2,True Belief,Explicit,Start,Start,1.7501613,0.4724431491666667
EleutherAI/pythia-14m,Pythia 14M,3,2,True Belief,Implicit,End,End,2.0780422583333333,0.34320280999999997
EleutherAI/pythia-14m,Pythia 14M,3,2,True Belief,Implicit,End,Start,2.213788575,0.2924197391666667
EleutherAI/pythia-14m,Pythia 14M,3,2,True Belief,Implicit,Start,End,2.1175298916666665,0.3250363416666667
EleutherAI/pythia-14m,Pythia 14M,3,2,True Belief,Implicit,Start,Start,2.2211391083333334,0.27959909916666664
EleutherAI/pythia-14m,Pythia 14M,3,3,False Belief,Explicit,End,End,2.0515026916666668,0.34412861666666666
EleutherAI/pythia-14m,Pythia 14M,3,3,False Belief,Explicit,End,Start,2.045629958333333,0.3346359925
EleutherAI/pythia-14m,Pythia 14M,3,3,False Belief,Explicit,Start,End,2.0492769083333333,0.3310642991666667
EleutherAI/pythia-14m,Pythia 14M,3,3,False Belief,Explicit,Start,Start,2.0434221666666668,0.32631282916666665
EleutherAI/pythia-14m,Pythia 14M,3,3,False Belief,Implicit,End,End,2.223471575,0.33702632666666665
EleutherAI/pythia-14m,Pythia 14M,3,3,False Belief,Implicit,End,Start,2.3458818166666666,0.2747734075
EleutherAI/pythia-14m,Pythia 14M,3,3,False Belief,Implicit,Start,End,2.2519286,0.3238107058333333
EleutherAI/pythia-14m,Pythia 14M,3,3,False Belief,Implicit,Start,Start,2.34390635,0.2773446155
EleutherAI/pythia-14m,Pythia 14M,3,3,True Belief,Explicit,End,End,2.0274626666666666,0.3531759741666667
EleutherAI/pythia-14m,Pythia 14M,3,3,True Belief,Explicit,End,Start,2.0254169,0.35395772
EleutherAI/pythia-14m,Pythia 14M,3,3,True Belief,Explicit,Start,End,2.03642565,0.3397884375
EleutherAI/pythia-14m,Pythia 14M,3,3,True Belief,Explicit,Start,Start,2.0267527666666667,0.3427597191666667
EleutherAI/pythia-14m,Pythia 14M,3,3,True Belief,Implicit,End,End,2.1721188750000002,0.34009603083333334
EleutherAI/pythia-14m,Pythia 14M,3,3,True Belief,Implicit,End,Start,2.280790741666667,0.2829054383333333
EleutherAI/pythia-14m,Pythia 14M,3,3,True Belief,Implicit,Start,End,2.1859731916666667,0.3326712358333333
EleutherAI/pythia-14m,Pythia 14M,3,3,True Belief,Implicit,Start,Start,2.2768028499999997,0.28287265333333333
EleutherAI/pythia-14m,Pythia 14M,4,0,False Belief,Explicit,End,End,1.7081066783333334,0.4620053016666667
EleutherAI/pythia-14m,Pythia 14M,4,0,False Belief,Explicit,End,Start,1.7072030083333336,0.4663420116666666
EleutherAI/pythia-14m,Pythia 14M,4,0,False Belief,Explicit,Start,End,1.6813751358333333,0.4587447025
EleutherAI/pythia-14m,Pythia 14M,4,0,False Belief,Explicit,Start,Start,1.6807433083333334,0.4611752441666666
EleutherAI/pythia-14m,Pythia 14M,4,0,False Belief,Implicit,End,End,2.269446841666667,0.24916928000000002
EleutherAI/pythia-14m,Pythia 14M,4,0,False Belief,Implicit,End,Start,2.2938190083333336,0.23259665666666665
EleutherAI/pythia-14m,Pythia 14M,4,0,False Belief,Implicit,Start,End,2.261378066666667,0.24387624249999998
EleutherAI/pythia-14m,Pythia 14M,4,0,False Belief,Implicit,Start,Start,2.279344566666667,0.23585212716666668
EleutherAI/pythia-14m,Pythia 14M,4,0,True Belief,Explicit,End,End,1.7226595166666667,0.4638112741666667
EleutherAI/pythia-14m,Pythia 14M,4,0,True Belief,Explicit,End,Start,1.7116175916666665,0.46827927666666663
EleutherAI/pythia-14m,Pythia 14M,4,0,True Belief,Explicit,Start,End,1.6976829999999998,0.46092482333333334
EleutherAI/pythia-14m,Pythia 14M,4,0,True Belief,Explicit,Start,Start,1.6986949083333334,0.46189763749999996
EleutherAI/pythia-14m,Pythia 14M,4,0,True Belief,Implicit,End,End,2.3253374583333333,0.23981137583333334
EleutherAI/pythia-14m,Pythia 14M,4,0,True Belief,Implicit,End,Start,2.3314346666666665,0.23542945166666665
EleutherAI/pythia-14m,Pythia 14M,4,0,True Belief,Implicit,Start,End,2.3188770416666666,0.23715230833333334
EleutherAI/pythia-14m,Pythia 14M,4,0,True Belief,Implicit,Start,Start,2.3213531583333333,0.23734533833333335
EleutherAI/pythia-14m,Pythia 14M,4,1,False Belief,Explicit,End,End,0.9033574349999999,0.705521475
EleutherAI/pythia-14m,Pythia 14M,4,1,False Belief,Explicit,End,Start,0.8712248908333334,0.7179279041666667
EleutherAI/pythia-14m,Pythia 14M,4,1,False Belief,Explicit,Start,End,0.9400668533333333,0.6908046591666667
EleutherAI/pythia-14m,Pythia 14M,4,1,False Belief,Explicit,Start,Start,0.9035026133333334,0.6955605458333333
EleutherAI/pythia-14m,Pythia 14M,4,1,False Belief,Implicit,End,End,0.6364251126666667,0.8137323016666667
EleutherAI/pythia-14m,Pythia 14M,4,1,False Belief,Implicit,End,Start,0.6454349376666667,0.8156046
EleutherAI/pythia-14m,Pythia 14M,4,1,False Belief,Implicit,Start,End,0.6920894964166666,0.7839255141666667
EleutherAI/pythia-14m,Pythia 14M,4,1,False Belief,Implicit,Start,Start,0.6908632246666667,0.7913079433333333
EleutherAI/pythia-14m,Pythia 14M,4,1,True Belief,Explicit,End,End,1.0182487708333332,0.6432717175
EleutherAI/pythia-14m,Pythia 14M,4,1,True Belief,Explicit,End,Start,0.99161666,0.6509041425000001
EleutherAI/pythia-14m,Pythia 14M,4,1,True Belief,Explicit,Start,End,1.0295049508333334,0.6363585833333333
EleutherAI/pythia-14m,Pythia 14M,4,1,True Belief,Explicit,Start,Start,1.0186772233333332,0.6306419991666666
EleutherAI/pythia-14m,Pythia 14M,4,1,True Belief,Implicit,End,End,0.6500159325,0.8206771341666667
EleutherAI/pythia-14m,Pythia 14M,4,1,True Belief,Implicit,End,Start,0.65142071,0.8145151508333334
EleutherAI/pythia-14m,Pythia 14M,4,1,True Belief,Implicit,Start,End,0.6375780583333334,0.8125970641666665
EleutherAI/pythia-14m,Pythia 14M,4,1,True Belief,Implicit,Start,Start,0.6922466830833334,0.7948246358333333
EleutherAI/pythia-14m,Pythia 14M,4,2,False Belief,Explicit,End,End,2.246032575,0.24223833583333332
EleutherAI/pythia-14m,Pythia 14M,4,2,False Belief,Explicit,End,Start,2.2396630416666667,0.24188716
EleutherAI/pythia-14m,Pythia 14M,4,2,False Belief,Explicit,Start,End,2.2389049583333334,0.2420344908333333
EleutherAI/pythia-14m,Pythia 14M,4,2,False Belief,Explicit,Start,Start,2.2349486666666665,0.24206496416666667
EleutherAI/pythia-14m,Pythia 14M,4,2,False Belief,Implicit,End,End,2.485695125,0.2944999155
EleutherAI/pythia-14m,Pythia 14M,4,2,False Belief,Implicit,End,Start,2.4792899250000002,0.2982968675
EleutherAI/pythia-14m,Pythia 14M,4,2,False Belief,Implicit,Start,End,2.4753162333333334,0.29819044083333335
EleutherAI/pythia-14m,Pythia 14M,4,2,False Belief,Implicit,Start,Start,2.4690512916666667,0.30149446375
EleutherAI/pythia-14m,Pythia 14M,4,2,True Belief,Explicit,End,End,2.24006615,0.24070132333333336
EleutherAI/pythia-14m,Pythia 14M,4,2,True Belief,Explicit,End,Start,2.2412666166666666,0.2382970733333333
EleutherAI/pythia-14m,Pythia 14M,4,2,True Belief,Explicit,Start,End,2.2281516666666668,0.242530315
EleutherAI/pythia-14m,Pythia 14M,4,2,True Belief,Explicit,Start,Start,2.2355300666666666,0.23983385
EleutherAI/pythia-14m,Pythia 14M,4,2,True Belief,Implicit,End,End,2.4126124583333333,0.31479843166666666
EleutherAI/pythia-14m,Pythia 14M,4,2,True Belief,Implicit,End,Start,2.4111323833333334,0.31487228916666665
EleutherAI/pythia-14m,Pythia 14M,4,2,True Belief,Implicit,Start,End,2.3955872333333335,0.32028123833333333
EleutherAI/pythia-14m,Pythia 14M,4,2,True Belief,Implicit,Start,Start,2.401144275,0.3179035966666667
EleutherAI/pythia-14m,Pythia 14M,4,3,False Belief,Explicit,End,End,1.2304253875,0.5639056308333333
EleutherAI/pythia-14m,Pythia 14M,4,3,False Belief,Explicit,End,Start,1.2667758825,0.5326667675
EleutherAI/pythia-14m,Pythia 14M,4,3,False Belief,Explicit,Start,End,1.2257427708333333,0.5768689241666667
EleutherAI/pythia-14m,Pythia 14M,4,3,False Belief,Explicit,Start,Start,1.2633351325,0.5512632916666667
EleutherAI/pythia-14m,Pythia 14M,4,3,False Belief,Implicit,End,End,1.1109298808333332,0.6160996466666667
EleutherAI/pythia-14m,Pythia 14M,4,3,False Belief,Implicit,End,Start,1.0107216036666666,0.6720757566666666
EleutherAI/pythia-14m,Pythia 14M,4,3,False Belief,Implicit,Start,End,0.9696298445833333,0.6509537591666666
EleutherAI/pythia-14m,Pythia 14M,4,3,False Belief,Implicit,Start,Start,1.0385543109166668,0.6458991266666666
EleutherAI/pythia-14m,Pythia 14M,4,3,True Belief,Explicit,End,End,1.1342395844166666,0.6085795441666667
EleutherAI/pythia-14m,Pythia 14M,4,3,True Belief,Explicit,End,Start,1.2081020648333334,0.5692993275
EleutherAI/pythia-14m,Pythia 14M,4,3,True Belief,Explicit,Start,End,1.0523501716666666,0.6638156000000001
EleutherAI/pythia-14m,Pythia 14M,4,3,True Belief,Explicit,Start,Start,1.1497791914166666,0.60489035
EleutherAI/pythia-14m,Pythia 14M,4,3,True Belief,Implicit,End,End,1.1636896516666666,0.6090510616666667
EleutherAI/pythia-14m,Pythia 14M,4,3,True Belief,Implicit,End,Start,1.1447768616666667,0.6301162783333333
EleutherAI/pythia-14m,Pythia 14M,4,3,True Belief,Implicit,Start,End,1.020921955,0.6473837858333333
EleutherAI/pythia-14m,Pythia 14M,4,3,True Belief,Implicit,Start,Start,1.1499871725000002,0.6244749975
EleutherAI/pythia-14m,Pythia 14M,5,0,False Belief,Explicit,End,End,0.534455876,0.8100114841666667
EleutherAI/pythia-14m,Pythia 14M,5,0,False Belief,Explicit,End,Start,0.55488740837,0.8154086333333334
EleutherAI/pythia-14m,Pythia 14M,5,0,False Belief,Explicit,Start,End,0.5836840963333333,0.7797384058333333
EleutherAI/pythia-14m,Pythia 14M,5,0,False Belief,Explicit,Start,Start,0.5253844132916666,0.8212865408333334
EleutherAI/pythia-14m,Pythia 14M,5,0,False Belief,Implicit,End,End,0.33407446975,0.8924767866666667
EleutherAI/pythia-14m,Pythia 14M,5,0,False Belief,Implicit,End,Start,0.4568324585333334,0.8233172633333333
EleutherAI/pythia-14m,Pythia 14M,5,0,False Belief,Implicit,Start,End,0.25287063833333334,0.92020939
EleutherAI/pythia-14m,Pythia 14M,5,0,False Belief,Implicit,Start,Start,0.3726230281666667,0.8607804691666666
EleutherAI/pythia-14m,Pythia 14M,5,0,True Belief,Explicit,End,End,0.37473262047500006,0.8770467933333334
EleutherAI/pythia-14m,Pythia 14M,5,0,True Belief,Explicit,End,Start,0.4433774235833334,0.8572992241666667
EleutherAI/pythia-14m,Pythia 14M,5,0,True Belief,Explicit,Start,End,0.47201475624999994,0.813698655
EleutherAI/pythia-14m,Pythia 14M,5,0,True Belief,Explicit,Start,Start,0.46445884958333333,0.8393278949999999
EleutherAI/pythia-14m,Pythia 14M,5,0,True Belief,Implicit,End,End,0.36334227546666664,0.8708166525
EleutherAI/pythia-14m,Pythia 14M,5,0,True Belief,Implicit,End,Start,0.39205412275,0.849959665
EleutherAI/pythia-14m,Pythia 14M,5,0,True Belief,Implicit,Start,End,0.4563778305833333,0.7866506883333333
EleutherAI/pythia-14m,Pythia 14M,5,0,True Belief,Implicit,Start,Start,0.4671180611666667,0.7941747283333332
EleutherAI/pythia-14m,Pythia 14M,5,1,False Belief,Explicit,End,End,0.3870500535416667,0.8402541533333334
EleutherAI/pythia-14m,Pythia 14M,5,1,False Belief,Explicit,End,Start,0.5800509702,0.7437645241666666
EleutherAI/pythia-14m,Pythia 14M,5,1,False Belief,Explicit,Start,End,0.33283816253000004,0.866297435
EleutherAI/pythia-14m,Pythia 14M,5,1,False Belief,Explicit,Start,Start,0.3383246113416667,0.8292494883333333
EleutherAI/pythia-14m,Pythia 14M,5,1,False Belief,Implicit,End,End,0.5703350423333333,0.7476923324999999
EleutherAI/pythia-14m,Pythia 14M,5,1,False Belief,Implicit,End,Start,0.5697825492999999,0.7614025041666667
EleutherAI/pythia-14m,Pythia 14M,5,1,False Belief,Implicit,Start,End,0.3893743553333333,0.8409487583333334
EleutherAI/pythia-14m,Pythia 14M,5,1,False Belief,Implicit,Start,Start,0.3517095947083333,0.8729270008333333
EleutherAI/pythia-14m,Pythia 14M,5,1,True Belief,Explicit,End,End,0.40113747041666664,0.8371370225
EleutherAI/pythia-14m,Pythia 14M,5,1,True Belief,Explicit,End,Start,0.5925474565333334,0.7466581133333333
EleutherAI/pythia-14m,Pythia 14M,5,1,True Belief,Explicit,Start,End,0.27031907244500003,0.8960050758333332
EleutherAI/pythia-14m,Pythia 14M,5,1,True Belief,Explicit,Start,Start,0.3090157195044167,0.8812241058333333
EleutherAI/pythia-14m,Pythia 14M,5,1,True Belief,Implicit,End,End,0.42886470666666665,0.8463133966666666
EleutherAI/pythia-14m,Pythia 14M,5,1,True Belief,Implicit,End,Start,0.5283139521666667,0.7887323766666666
EleutherAI/pythia-14m,Pythia 14M,5,1,True Belief,Implicit,Start,End,0.34678952491666665,0.8725098191666666
EleutherAI/pythia-14m,Pythia 14M,5,1,True Belief,Implicit,Start,Start,0.2636533694725,0.9180821316666666
EleutherAI/pythia-14m,Pythia 14M,5,2,False Belief,Explicit,End,End,6.304959874999999e-06,0.9999995716666668
EleutherAI/pythia-14m,Pythia 14M,5,2,False Belief,Explicit,End,Start,5.640384775833334e-06,0.9999996483333334
EleutherAI/pythia-14m,Pythia 14M,5,2,False Belief,Explicit,Start,End,1.4835655415e-05,0.9999988891666667
EleutherAI/pythia-14m,Pythia 14M,5,2,False Belief,Explicit,Start,Start,1.1032593226666666e-05,0.99999921
EleutherAI/pythia-14m,Pythia 14M,5,2,False Belief,Implicit,End,End,0.0772698108475,0.9821415591666667
EleutherAI/pythia-14m,Pythia 14M,5,2,False Belief,Implicit,End,Start,0.11180770664308333,0.9603010325
EleutherAI/pythia-14m,Pythia 14M,5,2,False Belief,Implicit,Start,End,0.08502342454083334,0.9772052625000001
EleutherAI/pythia-14m,Pythia 14M,5,2,False Belief,Implicit,Start,Start,0.11588918987516666,0.9546454283333333
EleutherAI/pythia-14m,Pythia 14M,5,2,True Belief,Explicit,End,End,6.032463791666667e-06,0.9999995858333334
EleutherAI/pythia-14m,Pythia 14M,5,2,True Belief,Explicit,End,Start,4.74780381e-06,0.9999997024999999
EleutherAI/pythia-14m,Pythia 14M,5,2,True Belief,Explicit,Start,End,1.6292072891666667e-05,0.9999987766666667
EleutherAI/pythia-14m,Pythia 14M,5,2,True Belief,Explicit,Start,Start,1.2905244198333334e-05,0.9999990508333334
EleutherAI/pythia-14m,Pythia 14M,5,2,True Belief,Implicit,End,End,0.09186163805833335,0.9656844025
EleutherAI/pythia-14m,Pythia 14M,5,2,True Belief,Implicit,End,Start,0.06736959566666667,0.9833114241666667
EleutherAI/pythia-14m,Pythia 14M,5,2,True Belief,Implicit,Start,End,0.09457257804166667,0.9683598525
EleutherAI/pythia-14m,Pythia 14M,5,2,True Belief,Implicit,Start,Start,0.08705330030000001,0.9740394475
EleutherAI/pythia-14m,Pythia 14M,5,3,False Belief,Explicit,End,End,0.7129097830833334,0.7128780483333333
EleutherAI/pythia-14m,Pythia 14M,5,3,False Belief,Explicit,End,Start,0.7082553001666666,0.7243693375000001
EleutherAI/pythia-14m,Pythia 14M,5,3,False Belief,Explicit,Start,End,0.7192889041666667,0.7090219191666667
EleutherAI/pythia-14m,Pythia 14M,5,3,False Belief,Explicit,Start,Start,0.6745322266666666,0.7351702891666667
EleutherAI/pythia-14m,Pythia 14M,5,3,False Belief,Implicit,End,End,0.5314290898333333,0.7890570124999999
EleutherAI/pythia-14m,Pythia 14M,5,3,False Belief,Implicit,End,Start,0.5842614820833333,0.7652683316666667
EleutherAI/pythia-14m,Pythia 14M,5,3,False Belief,Implicit,Start,End,0.49759160036666666,0.8177594208333333
EleutherAI/pythia-14m,Pythia 14M,5,3,False Belief,Implicit,Start,Start,0.5087522919999999,0.8224195116666667
EleutherAI/pythia-14m,Pythia 14M,5,3,True Belief,Explicit,End,End,0.8251910205,0.6486037775
EleutherAI/pythia-14m,Pythia 14M,5,3,True Belief,Explicit,End,Start,0.8228523223333334,0.6530882100000001
EleutherAI/pythia-14m,Pythia 14M,5,3,True Belief,Explicit,Start,End,0.7902316141666667,0.6990379783333333
EleutherAI/pythia-14m,Pythia 14M,5,3,True Belief,Explicit,Start,Start,0.7284021424999999,0.7349517575000001
EleutherAI/pythia-14m,Pythia 14M,5,3,True Belief,Implicit,End,End,0.5118072806166667,0.8187617241666666
EleutherAI/pythia-14m,Pythia 14M,5,3,True Belief,Implicit,End,Start,0.5815262306666666,0.7920148891666666
EleutherAI/pythia-14m,Pythia 14M,5,3,True Belief,Implicit,Start,End,0.45889770500000004,0.8529147075
EleutherAI/pythia-14m,Pythia 14M,5,3,True Belief,Implicit,Start,Start,0.5523301783333333,0.79768557
